<?xml version="1.0" encoding="UTF-8"?>
<project-private xmlns="http://www.netbeans.org/ns/project-private/1">
    <editor-bookmarks xmlns="http://www.netbeans.org/ns/editor-bookmarks/2" lastBookmarkId="0"/>
    <open-files xmlns="http://www.netbeans.org/ns/projectui-open-files/2">
        <group>
            <file>file:/C:/xampp/htdocs/europeana/js/script.js</file>
            <file>file:/C:/xampp/htdocs/europeana/app/Models/Europeana_model.class.php</file>
            <file>file:/C:/xampp/htdocs/europeana/index.php</file>
            <file>file:/C:/xampp/htdocs/europeana/app/Controllers/ajax.php</file>
        </group>
    </open-files>
</project-private>
